section_id,slide_type,title,purpose,key_points_json,visual_requirement,specialty_relevance,citations_json,speaker_notes,confidence,id,project_id,slide_number
,title,Calcium Metabolism,MDS Prosthodontics seminar · 45–60 min,"[""MDS · Prosthodontics"",""Presented by FMD Academic""]",title_hero,Positions Calcium Metabolism for a Prosthodontics audience.,[],"Introduce yourself, the topic and why Calcium Metabolism matters for Prosthodontics.",0.99,ap001-s001,ap001,1
sec1,section,Introduction and learning objectives,Section divider,"[""Why calcium matters to the prosthodontist"",""Learning objectives""]",section_divider,Frames calcium biology as the foundation of every prosthodontic bone-supported restoration.,[],Pause here and introduce “Introduction and learning objectives”. Tell the audience what this part covers and why it matters in Prosthodontics.,0.99,ap001-s002,ap001,2
sec1,definition,Why calcium matters to the prosthodontist,Explain why calcium matters to the prosthodontist within introduction and learning objectives.,"[""About 99% of body calcium is stored in bone and teeth as hydroxyapatite"",""Alveolar bone is the foundation for complete dentures, implants and fixed prostheses"",""Systemic calcium balance influences ridge preservation and osseointegration""]",definition_card,Frames calcium biology as the foundation of every prosthodontic bone-supported restoration.,[],"Open with the question this slide answers: what does “Why calcium matters to the prosthodontist” mean for a Prosthodontics clinician? Walk through: About 99% of body calcium is stored in bone and teeth as hydroxyapatite; Alveolar bone is the foundation for complete dentures, implants and fixed prostheses; Systemic calcium balance influences ridge preservation and osseointegration. Close by linking back to the clinical problem before moving on.",0.86,ap001-s003,ap001,3
sec1,objectives,Learning objectives,Explain learning objectives within introduction and learning objectives.,"[""Describe calcium distribution, absorption and excretion"",""Explain regulation by PTH, vitamin D, calcitonin, FGF23 and the calcium-sensing receptor"",""Relate bone remodeling to residual ridge resorption and implant healing"",""Apply metabolic assessment to prosthodontic treatment planning""]",numbered_list,Frames calcium biology as the foundation of every prosthodontic bone-supported restoration.,[],"Open with the question this slide answers: what does “Learning objectives” mean for a Prosthodontics clinician? Walk through: Describe calcium distribution, absorption and excretion; Explain regulation by PTH, vitamin D, calcitonin, FGF23 and the calcium-sensing receptor; Relate bone remodeling to residual ridge resorption and implant healing. Close by linking back to the clinical problem before moving on.",0.93,ap001-s004,ap001,4
sec1,image_explanation,Introduction and learning objectives: clinical correlation with esthetics,Reinforce introduction and learning objectives from a Prosthodontics perspective.,"[""Frames calcium biology as the foundation of every prosthodontic bone-supported restoration."",""Ask: how does why calcium matters to the prosthodontist alter esthetics?"",""Ask: how does learning objectives alter esthetics?""]",clinical_image,Frames calcium biology as the foundation of every prosthodontic bone-supported restoration.,[],Open with the question this slide answers: what does “Introduction and learning objectives: clinical correlation with esthetics” mean for a Prosthodontics clinician? Walk through: Frames calcium biology as the foundation of every prosthodontic bone-supported restoration.; Ask: how does why calcium matters to the prosthodontist alter esthetics?; Ask: how does learning objectives alter esthetics?. Close by linking back to the clinical problem before moving on.,0.77,ap001-s005,ap001,5
sec1,mechanism,Introduction and learning objectives: concept map,Reinforce introduction and learning objectives from a Prosthodontics perspective.,"[""1. Why calcium matters to the prosthodontist"",""2. Learning objectives""]",mechanism_diagram,Frames calcium biology as the foundation of every prosthodontic bone-supported restoration.,[],Open with the question this slide answers: what does “Introduction and learning objectives: concept map” mean for a Prosthodontics clinician? Walk through: 1. Why calcium matters to the prosthodontist; 2. Learning objectives. Close by linking back to the clinical problem before moving on.,0.76,ap001-s006,ap001,6
sec1,summary,Introduction and learning objectives: key takeaways,Reinforce introduction and learning objectives from a Prosthodontics perspective.,"[""About 99% of body calcium is stored in bone and teeth as hydroxyapatite"",""Describe calcium distribution, absorption and excretion""]",key_takeaways,Frames calcium biology as the foundation of every prosthodontic bone-supported restoration.,[],"Open with the question this slide answers: what does “Introduction and learning objectives: key takeaways” mean for a Prosthodontics clinician? Walk through: About 99% of body calcium is stored in bone and teeth as hydroxyapatite; Describe calcium distribution, absorption and excretion. Close by linking back to the clinical problem before moving on.",0.75,ap001-s007,ap001,7
sec2,section,Basic calcium physiology and distribution,Section divider,"[""Total body calcium"",""Physiological roles of calcium"",""Daily calcium balance""]",section_divider,Skeletal calcium reserves determine the bone available for prosthodontic support.,[],Pause here and introduce “Basic calcium physiology and distribution”. Tell the audience what this part covers and why it matters in Prosthodontics.,0.99,ap001-s008,ap001,8
sec2,chart,Total body calcium,Explain total body calcium within basic calcium physiology and distribution.,"[""An adult body contains roughly 1–1.2 kg of calcium"",""About 99% is in the skeleton and teeth; about 1% in extracellular fluid and soft tissues"",""Intracellular free calcium is ~10,000× lower than extracellular — a key signalling gradient""]",bar_chart,Skeletal calcium reserves determine the bone available for prosthodontic support.,[],"Open with the question this slide answers: what does “Total body calcium” mean for a Prosthodontics clinician? Walk through: An adult body contains roughly 1–1.2 kg of calcium; About 99% is in the skeleton and teeth; about 1% in extracellular fluid and soft tissues; Intracellular free calcium is ~10,000× lower than extracellular — a key signalling gradient. Close by linking back to the clinical problem before moving on.",0.94,ap001-s009,ap001,9
sec2,definition,Physiological roles of calcium,Explain physiological roles of calcium within basic calcium physiology and distribution.,"[""Mineralization of bone, dentin and enamel"",""Neuromuscular excitability and muscle contraction"",""Coagulation cascade (factor IV)"",""Second-messenger signalling, enzyme activation and hormone secretion""]",definition_card,Skeletal calcium reserves determine the bone available for prosthodontic support.,[],"Open with the question this slide answers: what does “Physiological roles of calcium” mean for a Prosthodontics clinician? Walk through: Mineralization of bone, dentin and enamel; Neuromuscular excitability and muscle contraction; Coagulation cascade (factor IV). Close by linking back to the clinical problem before moving on.",0.95,ap001-s010,ap001,10
sec2,chart,Daily calcium balance,Explain daily calcium balance within basic calcium physiology and distribution.,"[""Typical adult intake recommendations are around 1000 mg/day"",""Net intestinal absorption is only a fraction of intake"",""Kidneys filter large amounts daily and reabsorb about 98%"",""Bone continuously exchanges calcium with the extracellular pool""]",bar_chart,Skeletal calcium reserves determine the bone available for prosthodontic support.,"[""pp12"",""pp11""]",Open with the question this slide answers: what does “Daily calcium balance” mean for a Prosthodontics clinician? Walk through: Typical adult intake recommendations are around 1000 mg/day; Net intestinal absorption is only a fraction of intake; Kidneys filter large amounts daily and reabsorb about 98%. Close by linking back to the clinical problem before moving on.,0.93,ap001-s011,ap001,11
sec2,image_explanation,Basic calcium physiology and distribution: clinical correlation with digital workflow,Reinforce basic calcium physiology and distribution from a Prosthodontics perspective.,"[""Skeletal calcium reserves determine the bone available for prosthodontic support."",""Ask: how does total body calcium alter digital workflow?"",""Ask: how does physiological roles of calcium alter digital workflow?""]",clinical_image,Skeletal calcium reserves determine the bone available for prosthodontic support.,"[""pp12"",""pp11""]",Open with the question this slide answers: what does “Basic calcium physiology and distribution: clinical correlation with digital workflow” mean for a Prosthodontics clinician? Walk through: Skeletal calcium reserves determine the bone available for prosthodontic support.; Ask: how does total body calcium alter digital workflow?; Ask: how does physiological roles of calcium alter digital workflow?. Close by linking back to the clinical problem before moving on.,0.81,ap001-s012,ap001,12
sec2,mechanism,Basic calcium physiology and distribution: concept map,Reinforce basic calcium physiology and distribution from a Prosthodontics perspective.,"[""1. Total body calcium"",""2. Physiological roles of calcium"",""3. Daily calcium balance""]",mechanism_diagram,Skeletal calcium reserves determine the bone available for prosthodontic support.,"[""pp12"",""pp11""]",Open with the question this slide answers: what does “Basic calcium physiology and distribution: concept map” mean for a Prosthodontics clinician? Walk through: 1. Total body calcium; 2. Physiological roles of calcium; 3. Daily calcium balance. Close by linking back to the clinical problem before moving on.,0.83,ap001-s013,ap001,13
sec2,summary,Basic calcium physiology and distribution: key takeaways,Reinforce basic calcium physiology and distribution from a Prosthodontics perspective.,"[""An adult body contains roughly 1–1.2 kg of calcium"",""Mineralization of bone, dentin and enamel"",""Typical adult intake recommendations are around 1000 mg/day""]",key_takeaways,Skeletal calcium reserves determine the bone available for prosthodontic support.,[],"Open with the question this slide answers: what does “Basic calcium physiology and distribution: key takeaways” mean for a Prosthodontics clinician? Walk through: An adult body contains roughly 1–1.2 kg of calcium; Mineralization of bone, dentin and enamel; Typical adult intake recommendations are around 1000 mg/day. Close by linking back to the clinical problem before moving on.",0.84,ap001-s014,ap001,14
sec3,section,Serum calcium: ionized vs protein-bound,Section divider,"[""Fractions of serum calcium"",""Albumin correction"",""Effect of pH on ionized calcium""]",section_divider,Correct interpretation of serum calcium avoids misjudging metabolic risk before surgery.,[],Pause here and introduce “Serum calcium: ionized vs protein-bound”. Tell the audience what this part covers and why it matters in Prosthodontics.,0.99,ap001-s015,ap001,15
sec3,comparison,Fractions of serum calcium,Explain fractions of serum calcium within serum calcium: ionized vs protein-bound.,"[""Normal total serum calcium is about 8.5–10.5 mg/dL (2.1–2.6 mmol/L)"",""About 45–50% is ionized — the biologically active fraction"",""About 40% is protein-bound, mostly to albumin"",""About 10% is complexed with citrate, phosphate and bicarbonate""]",comparison_table,Correct interpretation of serum calcium avoids misjudging metabolic risk before surgery.,[],"Open with the question this slide answers: what does “Fractions of serum calcium” mean for a Prosthodontics clinician? Walk through: Normal total serum calcium is about 8.5–10.5 mg/dL (2.1–2.6 mmol/L); About 45–50% is ionized — the biologically active fraction; About 40% is protein-bound, mostly to albumin. Close by linking back to the clinical problem before moving on.",0.88,ap001-s016,ap001,16
sec3,image_explanation,Albumin correction,Explain albumin correction within serum calcium: ionized vs protein-bound.,"[""Corrected Ca = measured Ca + 0.8 × (4.0 − albumin g/dL)"",""Hypoalbuminemia lowers total but not ionized calcium"",""Measure ionized calcium directly when albumin or pH is abnormal""]",clinical_image,Correct interpretation of serum calcium avoids misjudging metabolic risk before surgery.,[],Open with the question this slide answers: what does “Albumin correction” mean for a Prosthodontics clinician? Walk through: Corrected Ca = measured Ca + 0.8 × (4.0 − albumin g/dL); Hypoalbuminemia lowers total but not ionized calcium; Measure ionized calcium directly when albumin or pH is abnormal. Close by linking back to the clinical problem before moving on.,0.88,ap001-s017,ap001,17
sec3,image_explanation,Effect of pH on ionized calcium,Explain effect of ph on ionized calcium within serum calcium: ionized vs protein-bound.,"[""Alkalosis increases protein binding and lowers ionized calcium"",""Hyperventilation in an anxious dental patient can cause perioral tingling and carpopedal spasm"",""Acidosis has the opposite effect""]",clinical_image,Correct interpretation of serum calcium avoids misjudging metabolic risk before surgery.,[],Open with the question this slide answers: what does “Effect of pH on ionized calcium” mean for a Prosthodontics clinician? Walk through: Alkalosis increases protein binding and lowers ionized calcium; Hyperventilation in an anxious dental patient can cause perioral tingling and carpopedal spasm; Acidosis has the opposite effect. Close by linking back to the clinical problem before moving on.,0.92,ap001-s018,ap001,18
sec3,image_explanation,Serum calcium: ionized vs protein-bound: clinical correlation with implant prosthodontics,Reinforce serum calcium: ionized vs protein-bound from a Prosthodontics perspective.,"[""Correct interpretation of serum calcium avoids misjudging metabolic risk before surgery."",""Ask: how does fractions of serum calcium alter implant prosthodontics?"",""Ask: how does albumin correction alter implant prosthodontics?""]",clinical_image,Correct interpretation of serum calcium avoids misjudging metabolic risk before surgery.,[],Open with the question this slide answers: what does “Serum calcium: ionized vs protein-bound: clinical correlation with implant prosthodontics” mean for a Prosthodontics clinician? Walk through: Correct interpretation of serum calcium avoids misjudging metabolic risk before surgery.; Ask: how does fractions of serum calcium alter implant prosthodontics?; Ask: how does albumin correction alter implant prosthodontics?. Close by linking back to the clinical problem before moving on.,0.82,ap001-s019,ap001,19
sec3,mechanism,Serum calcium: ionized vs protein-bound: concept map,Reinforce serum calcium: ionized vs protein-bound from a Prosthodontics perspective.,"[""1. Fractions of serum calcium"",""2. Albumin correction"",""3. Effect of pH on ionized calcium""]",mechanism_diagram,Correct interpretation of serum calcium avoids misjudging metabolic risk before surgery.,[],Open with the question this slide answers: what does “Serum calcium: ionized vs protein-bound: concept map” mean for a Prosthodontics clinician? Walk through: 1. Fractions of serum calcium; 2. Albumin correction; 3. Effect of pH on ionized calcium. Close by linking back to the clinical problem before moving on.,0.82,ap001-s020,ap001,20
sec3,summary,Serum calcium: ionized vs protein-bound: key takeaways,Reinforce serum calcium: ionized vs protein-bound from a Prosthodontics perspective.,"[""Normal total serum calcium is about 8.5–10.5 mg/dL (2.1–2.6 mmol/L)"",""Corrected Ca = measured Ca + 0.8 × (4.0 − albumin g/dL)"",""Alkalosis increases protein binding and lowers ionized calcium""]",key_takeaways,Correct interpretation of serum calcium avoids misjudging metabolic risk before surgery.,[],Open with the question this slide answers: what does “Serum calcium: ionized vs protein-bound: key takeaways” mean for a Prosthodontics clinician? Walk through: Normal total serum calcium is about 8.5–10.5 mg/dL (2.1–2.6 mmol/L); Corrected Ca = measured Ca + 0.8 × (4.0 − albumin g/dL); Alkalosis increases protein binding and lowers ionized calcium. Close by linking back to the clinical problem before moving on.,0.76,ap001-s021,ap001,21
sec4,section,Intestinal absorption and renal handling,Section divider,"[""Intestinal absorption"",""Renal handling of calcium""]",section_divider,Malabsorption and renal disease are common hidden causes of poor bone quality in elderly edentulous patients.,[],Pause here and introduce “Intestinal absorption and renal handling”. Tell the audience what this part covers and why it matters in Prosthodontics.,0.99,ap001-s022,ap001,22
sec4,image_explanation,Intestinal absorption,Explain intestinal absorption within intestinal absorption and renal handling.,"[""Active transcellular transport in the duodenum via TRPV6, calbindin and PMCA1b is vitamin D dependent"",""Passive paracellular absorption predominates when intake is high"",""Phytates and oxalates reduce absorption"",""Absorption efficiency declines with age""]",clinical_image,Malabsorption and renal disease are common hidden causes of poor bone quality in elderly edentulous patients.,"[""pp12"",""pp11""]","Open with the question this slide answers: what does “Intestinal absorption” mean for a Prosthodontics clinician? Walk through: Active transcellular transport in the duodenum via TRPV6, calbindin and PMCA1b is vitamin D dependent; Passive paracellular absorption predominates when intake is high; Phytates and oxalates reduce absorption. Close by linking back to the clinical problem before moving on.",0.9,ap001-s023,ap001,23
sec4,image_explanation,Renal handling of calcium,Explain renal handling of calcium within intestinal absorption and renal handling.,"[""About 65% is reabsorbed passively in the proximal tubule"",""About 20–25% is reabsorbed in the thick ascending limb, regulated by the CaSR"",""Distal convoluted tubule fine-tunes reabsorption under PTH via TRPV5"",""Thiazides reduce and loop diuretics increase urinary calcium""]",clinical_image,Malabsorption and renal disease are common hidden causes of poor bone quality in elderly edentulous patients.,"[""pp10"",""pp11""]","Open with the question this slide answers: what does “Renal handling of calcium” mean for a Prosthodontics clinician? Walk through: About 65% is reabsorbed passively in the proximal tubule; About 20–25% is reabsorbed in the thick ascending limb, regulated by the CaSR; Distal convoluted tubule fine-tunes reabsorption under PTH via TRPV5. Close by linking back to the clinical problem before moving on.",0.95,ap001-s024,ap001,24
sec4,image_explanation,Intestinal absorption and renal handling: clinical correlation with implant prosthodontics,Reinforce intestinal absorption and renal handling from a Prosthodontics perspective.,"[""Malabsorption and renal disease are common hidden causes of poor bone quality in elderly edentulous patients."",""Ask: how does intestinal absorption alter implant prosthodontics?"",""Ask: how does renal handling of calcium alter implant prosthodontics?""]",clinical_image,Malabsorption and renal disease are common hidden causes of poor bone quality in elderly edentulous patients.,"[""pp12"",""pp11"",""pp10""]",Open with the question this slide answers: what does “Intestinal absorption and renal handling: clinical correlation with implant prosthodontics” mean for a Prosthodontics clinician? Walk through: Malabsorption and renal disease are common hidden causes of poor bone quality in elderly edentulous patients.; Ask: how does intestinal absorption alter implant prosthodontics?; Ask: how does renal handling of calcium alter implant prosthodontics?. Close by linking back to the clinical problem before moving on.,0.74,ap001-s025,ap001,25
sec4,mechanism,Intestinal absorption and renal handling: concept map,Reinforce intestinal absorption and renal handling from a Prosthodontics perspective.,"[""1. Intestinal absorption"",""2. Renal handling of calcium""]",mechanism_diagram,Malabsorption and renal disease are common hidden causes of poor bone quality in elderly edentulous patients.,"[""pp12"",""pp11"",""pp10""]",Open with the question this slide answers: what does “Intestinal absorption and renal handling: concept map” mean for a Prosthodontics clinician? Walk through: 1. Intestinal absorption; 2. Renal handling of calcium. Close by linking back to the clinical problem before moving on.,0.76,ap001-s026,ap001,26
sec5,section,"PTH, vitamin D, calcitonin, FGF23 and the calcium-sensing receptor",Section divider,"[""Parathyroid hormone regulation"",""Vitamin D axis"",""Calcitonin"",""FGF23 and Klotho"",""Calcium-sensing receptor (CaSR)""]",section_divider,"Hormonal control explains why parathyroid, renal and vitamin D disorders show up in the jaws.",[],"Pause here and introduce “PTH, vitamin D, calcitonin, FGF23 and the calcium-sensing receptor”. Tell the audience what this part covers and why it matters in Prosthodontics.",0.99,ap001-s027,ap001,27
sec5,mechanism,Parathyroid hormone regulation,"Explain parathyroid hormone regulation within pth, vitamin d, calcitonin, fgf23 and the calcium-sensing receptor.","[""Secreted within minutes of a fall in ionized calcium sensed by the CaSR"",""Increases bone resorption indirectly via osteoblast RANKL expression"",""Increases distal tubular calcium reabsorption and renal 1α-hydroxylase activity"",""Intermittent PTH is anabolic; continuous excess is catabolic""]",mechanism_diagram,"Hormonal control explains why parathyroid, renal and vitamin D disorders show up in the jaws.","[""pp10"",""pp09""]",Open with the question this slide answers: what does “Parathyroid hormone regulation” mean for a Prosthodontics clinician? Walk through: Secreted within minutes of a fall in ionized calcium sensed by the CaSR; Increases bone resorption indirectly via osteoblast RANKL expression; Increases distal tubular calcium reabsorption and renal 1α-hydroxylase activity. Close by linking back to the clinical problem before moving on.,0.9,ap001-s028,ap001,28
sec5,mechanism,Vitamin D axis,"Explain vitamin d axis within pth, vitamin d, calcitonin, fgf23 and the calcium-sensing receptor.","[""Cholecalciferol is synthesized in skin under UVB or obtained from diet"",""Hepatic 25-hydroxylation gives 25(OH)D — the best marker of vitamin D status"",""Renal 1α-hydroxylation gives calcitriol, the active hormone"",""Calcitriol increases intestinal calcium and phosphate absorption""]",mechanism_diagram,"Hormonal control explains why parathyroid, renal and vitamin D disorders show up in the jaws.","[""pp12"",""pp11""]","Open with the question this slide answers: what does “Vitamin D axis” mean for a Prosthodontics clinician? Walk through: Cholecalciferol is synthesized in skin under UVB or obtained from diet; Hepatic 25-hydroxylation gives 25(OH)D — the best marker of vitamin D status; Renal 1α-hydroxylation gives calcitriol, the active hormone. Close by linking back to the clinical problem before moving on.",0.95,ap001-s029,ap001,29
sec5,image_explanation,Calcitonin,"Explain calcitonin within pth, vitamin d, calcitonin, fgf23 and the calcium-sensing receptor.","[""Secreted by thyroid parafollicular C cells in response to hypercalcemia"",""Directly inhibits osteoclast activity"",""Has a minor physiological role in adult humans""]",clinical_image,"Hormonal control explains why parathyroid, renal and vitamin D disorders show up in the jaws.",[],Open with the question this slide answers: what does “Calcitonin” mean for a Prosthodontics clinician? Walk through: Secreted by thyroid parafollicular C cells in response to hypercalcemia; Directly inhibits osteoclast activity; Has a minor physiological role in adult humans. Close by linking back to the clinical problem before moving on.,0.9,ap001-s030,ap001,30
sec5,image_explanation,FGF23 and Klotho,"Explain fgf23 and klotho within pth, vitamin d, calcitonin, fgf23 and the calcium-sensing receptor.","[""Secreted by osteocytes in response to phosphate and calcitriol"",""Promotes phosphaturia and suppresses 1α-hydroxylase"",""Elevated in chronic kidney disease, contributing to mineral-bone disorder""]",clinical_image,"Hormonal control explains why parathyroid, renal and vitamin D disorders show up in the jaws.","[""pp12""]","Open with the question this slide answers: what does “FGF23 and Klotho” mean for a Prosthodontics clinician? Walk through: Secreted by osteocytes in response to phosphate and calcitriol; Promotes phosphaturia and suppresses 1α-hydroxylase; Elevated in chronic kidney disease, contributing to mineral-bone disorder. Close by linking back to the clinical problem before moving on.",0.91,ap001-s031,ap001,31
sec5,mechanism,Calcium-sensing receptor (CaSR),"Explain calcium-sensing receptor (casr) within pth, vitamin d, calcitonin, fgf23 and the calcium-sensing receptor.","[""G-protein–coupled receptor on parathyroid chief cells and renal tubule"",""Sets the PTH–calcium set point"",""Target of calcimimetic drugs such as cinacalcet""]",mechanism_diagram,"Hormonal control explains why parathyroid, renal and vitamin D disorders show up in the jaws.","[""pp10"",""pp11""]",Open with the question this slide answers: what does “Calcium-sensing receptor (CaSR)” mean for a Prosthodontics clinician? Walk through: G-protein–coupled receptor on parathyroid chief cells and renal tubule; Sets the PTH–calcium set point; Target of calcimimetic drugs such as cinacalcet. Close by linking back to the clinical problem before moving on.,0.96,ap001-s032,ap001,32
sec5,image_explanation,"PTH, vitamin D, calcitonin, FGF23 and the calcium-sensing receptor: clinical correlation with digital workflow","Reinforce pth, vitamin d, calcitonin, fgf23 and the calcium-sensing receptor from a Prosthodontics perspective.","[""Hormonal control explains why parathyroid, renal and vitamin D disorders show up in the jaws."",""Ask: how does parathyroid hormone regulation alter digital workflow?"",""Ask: how does vitamin d axis alter digital workflow?""]",clinical_image,"Hormonal control explains why parathyroid, renal and vitamin D disorders show up in the jaws.","[""pp10"",""pp09"",""pp12""]","Open with the question this slide answers: what does “PTH, vitamin D, calcitonin, FGF23 and the calcium-sensing receptor: clinical correlation with digital workflow” mean for a Prosthodontics clinician? Walk through: Hormonal control explains why parathyroid, renal and vitamin D disorders show up in the jaws.; Ask: how does parathyroid hormone regulation alter digital workflow?; Ask: how does vitamin d axis alter digital workflow?. Close by linking back to the clinical problem before moving on.",0.83,ap001-s033,ap001,33
sec5,mechanism,"PTH, vitamin D, calcitonin, FGF23 and the calcium-sensing receptor: concept map","Reinforce pth, vitamin d, calcitonin, fgf23 and the calcium-sensing receptor from a Prosthodontics perspective.","[""1. Parathyroid hormone regulation"",""2. Vitamin D axis"",""3. Calcitonin"",""4. FGF23 and Klotho"",""5. Calcium-sensing receptor (CaSR)""]",mechanism_diagram,"Hormonal control explains why parathyroid, renal and vitamin D disorders show up in the jaws.","[""pp10"",""pp09"",""pp12""]","Open with the question this slide answers: what does “PTH, vitamin D, calcitonin, FGF23 and the calcium-sensing receptor: concept map” mean for a Prosthodontics clinician? Walk through: 1. Parathyroid hormone regulation; 2. Vitamin D axis; 3. Calcitonin. Close by linking back to the clinical problem before moving on.",0.77,ap001-s034,ap001,34
sec5,summary,"PTH, vitamin D, calcitonin, FGF23 and the calcium-sensing receptor: key takeaways","Reinforce pth, vitamin d, calcitonin, fgf23 and the calcium-sensing receptor from a Prosthodontics perspective.","[""Secreted within minutes of a fall in ionized calcium sensed by the CaSR"",""Cholecalciferol is synthesized in skin under UVB or obtained from diet"",""Secreted by thyroid parafollicular C cells in response to hypercalcemia"",""Secreted by osteocytes in response to phosphate and calcitriol"",""G-protein–coupled receptor on parathyroid chief cells and renal tubule""]",key_takeaways,"Hormonal control explains why parathyroid, renal and vitamin D disorders show up in the jaws.",[],"Open with the question this slide answers: what does “PTH, vitamin D, calcitonin, FGF23 and the calcium-sensing receptor: key takeaways” mean for a Prosthodontics clinician? Walk through: Secreted within minutes of a fall in ionized calcium sensed by the CaSR; Cholecalciferol is synthesized in skin under UVB or obtained from diet; Secreted by thyroid parafollicular C cells in response to hypercalcemia. Close by linking back to the clinical problem before moving on.",0.77,ap001-s035,ap001,35
sec5,summary,"PTH, vitamin D, calcitonin, FGF23 and the calcium-sensing receptor: self-check","Reinforce pth, vitamin d, calcitonin, fgf23 and the calcium-sensing receptor from a Prosthodontics perspective.","[""Can you explain parathyroid hormone regulation without notes?"",""Can you explain vitamin d axis without notes?"",""Can you explain calcitonin without notes?""]",key_takeaways,"Hormonal control explains why parathyroid, renal and vitamin D disorders show up in the jaws.",[],"Open with the question this slide answers: what does “PTH, vitamin D, calcitonin, FGF23 and the calcium-sensing receptor: self-check” mean for a Prosthodontics clinician? Walk through: Can you explain parathyroid hormone regulation without notes?; Can you explain vitamin d axis without notes?; Can you explain calcitonin without notes?. Close by linking back to the clinical problem before moving on.",0.77,ap001-s036,ap001,36
sec6,section,Calcium–phosphate relationship,Section divider,"[""Reciprocal regulation of calcium and phosphate"",""Hydroxyapatite chemistry""]",section_divider,Calcium-phosphate chemistry underpins both natural bone mineral and grafting biomaterials.,[],Pause here and introduce “Calcium–phosphate relationship”. Tell the audience what this part covers and why it matters in Prosthodontics.,0.99,ap001-s037,ap001,37
sec6,mechanism,Reciprocal regulation of calcium and phosphate,Explain reciprocal regulation of calcium and phosphate within calcium–phosphate relationship.,"[""The calcium × phosphate product governs mineral precipitation"",""PTH lowers serum phosphate; calcitriol raises both calcium and phosphate"",""FGF23 links phosphate handling to vitamin D metabolism""]",mechanism_diagram,Calcium-phosphate chemistry underpins both natural bone mineral and grafting biomaterials.,"[""pp12""]",Open with the question this slide answers: what does “Reciprocal regulation of calcium and phosphate” mean for a Prosthodontics clinician? Walk through: The calcium × phosphate product governs mineral precipitation; PTH lowers serum phosphate; calcitriol raises both calcium and phosphate; FGF23 links phosphate handling to vitamin D metabolism. Close by linking back to the clinical problem before moving on.,0.97,ap001-s038,ap001,38
sec6,image_explanation,Hydroxyapatite chemistry,Explain hydroxyapatite chemistry within calcium–phosphate relationship.,"[""Ca10(PO4)6(OH)2 is the mineral phase of bone, dentin and enamel"",""Carbonate and fluoride substitution alter solubility"",""Stoichiometric hydroxyapatite has a Ca:P molar ratio of about 1.67""]",clinical_image,Calcium-phosphate chemistry underpins both natural bone mineral and grafting biomaterials.,"[""pp16""]","Open with the question this slide answers: what does “Hydroxyapatite chemistry” mean for a Prosthodontics clinician? Walk through: Ca10(PO4)6(OH)2 is the mineral phase of bone, dentin and enamel; Carbonate and fluoride substitution alter solubility; Stoichiometric hydroxyapatite has a Ca:P molar ratio of about 1.67. Close by linking back to the clinical problem before moving on.",0.96,ap001-s039,ap001,39
sec6,image_explanation,Calcium–phosphate relationship: clinical correlation with biomaterials,Reinforce calcium–phosphate relationship from a Prosthodontics perspective.,"[""Calcium-phosphate chemistry underpins both natural bone mineral and grafting biomaterials."",""Ask: how does reciprocal regulation of calcium and phosphate alter biomaterials?"",""Ask: how does hydroxyapatite chemistry alter biomaterials?""]",clinical_image,Calcium-phosphate chemistry underpins both natural bone mineral and grafting biomaterials.,"[""pp12"",""pp16""]",Open with the question this slide answers: what does “Calcium–phosphate relationship: clinical correlation with biomaterials” mean for a Prosthodontics clinician? Walk through: Calcium-phosphate chemistry underpins both natural bone mineral and grafting biomaterials.; Ask: how does reciprocal regulation of calcium and phosphate alter biomaterials?; Ask: how does hydroxyapatite chemistry alter biomaterials?. Close by linking back to the clinical problem before moving on.,0.8,ap001-s040,ap001,40
sec6,mechanism,Calcium–phosphate relationship: concept map,Reinforce calcium–phosphate relationship from a Prosthodontics perspective.,"[""1. Reciprocal regulation of calcium and phosphate"",""2. Hydroxyapatite chemistry""]",mechanism_diagram,Calcium-phosphate chemistry underpins both natural bone mineral and grafting biomaterials.,"[""pp12"",""pp16""]",Open with the question this slide answers: what does “Calcium–phosphate relationship: concept map” mean for a Prosthodontics clinician? Walk through: 1. Reciprocal regulation of calcium and phosphate; 2. Hydroxyapatite chemistry. Close by linking back to the clinical problem before moving on.,0.78,ap001-s041,ap001,41
sec7,section,Bone cells and bone remodeling,Section divider,"[""Bone cells"",""Remodeling cycle"",""Mechanical regulation: the mechanostat""]",section_divider,Remodeling biology determines how the edentulous ridge and peri-implant bone respond to load.,[],Pause here and introduce “Bone cells and bone remodeling”. Tell the audience what this part covers and why it matters in Prosthodontics.,0.99,ap001-s042,ap001,42
sec7,image_explanation,Bone cells,Explain bone cells within bone cells and bone remodeling.,"[""Osteoblasts — mesenchymal origin, synthesize osteoid"",""Osteocytes — mechanosensors that regulate remodeling via sclerostin and RANKL"",""Osteoclasts — multinucleated cells of haematopoietic origin that resorb bone"",""Bone lining cells cover quiescent bone surfaces""]",clinical_image,Remodeling biology determines how the edentulous ridge and peri-implant bone respond to load.,"[""pp08"",""pp07""]","Open with the question this slide answers: what does “Bone cells” mean for a Prosthodontics clinician? Walk through: Osteoblasts — mesenchymal origin, synthesize osteoid; Osteocytes — mechanosensors that regulate remodeling via sclerostin and RANKL; Osteoclasts — multinucleated cells of haematopoietic origin that resorb bone. Close by linking back to the clinical problem before moving on.",0.92,ap001-s043,ap001,43
sec7,mechanism,Remodeling cycle,Explain remodeling cycle within bone cells and bone remodeling.,"[""Activation → resorption → reversal → formation → mineralization → quiescence"",""The basic multicellular unit couples resorption to formation"",""A full remodeling cycle takes several months""]",mechanism_diagram,Remodeling biology determines how the edentulous ridge and peri-implant bone respond to load.,"[""pp07"",""pp08""]",Open with the question this slide answers: what does “Remodeling cycle” mean for a Prosthodontics clinician? Walk through: Activation → resorption → reversal → formation → mineralization → quiescence; The basic multicellular unit couples resorption to formation; A full remodeling cycle takes several months. Close by linking back to the clinical problem before moving on.,0.95,ap001-s044,ap001,44
sec7,mechanism,Mechanical regulation: the mechanostat,Explain mechanical regulation: the mechanostat within bone cells and bone remodeling.,"[""Frost's mechanostat: strain thresholds govern modeling versus disuse remodeling"",""Loss of functional load after extraction tips the balance toward resorption"",""Physiological implant loading helps preserve crestal bone""]",mechanism_diagram,Remodeling biology determines how the edentulous ridge and peri-implant bone respond to load.,"[""pp07""]",Open with the question this slide answers: what does “Mechanical regulation: the mechanostat” mean for a Prosthodontics clinician? Walk through: Frost's mechanostat: strain thresholds govern modeling versus disuse remodeling; Loss of functional load after extraction tips the balance toward resorption; Physiological implant loading helps preserve crestal bone. Close by linking back to the clinical problem before moving on.,0.97,ap001-s045,ap001,45
sec7,image_explanation,Bone cells and bone remodeling: clinical correlation with complete dentures,Reinforce bone cells and bone remodeling from a Prosthodontics perspective.,"[""Remodeling biology determines how the edentulous ridge and peri-implant bone respond to load."",""Ask: how does bone cells alter complete dentures?"",""Ask: how does remodeling cycle alter complete dentures?""]",clinical_image,Remodeling biology determines how the edentulous ridge and peri-implant bone respond to load.,"[""pp08"",""pp07""]",Open with the question this slide answers: what does “Bone cells and bone remodeling: clinical correlation with complete dentures” mean for a Prosthodontics clinician? Walk through: Remodeling biology determines how the edentulous ridge and peri-implant bone respond to load.; Ask: how does bone cells alter complete dentures?; Ask: how does remodeling cycle alter complete dentures?. Close by linking back to the clinical problem before moving on.,0.85,ap001-s046,ap001,46
sec7,mechanism,Bone cells and bone remodeling: concept map,Reinforce bone cells and bone remodeling from a Prosthodontics perspective.,"[""1. Bone cells"",""2. Remodeling cycle"",""3. Mechanical regulation: the mechanostat""]",mechanism_diagram,Remodeling biology determines how the edentulous ridge and peri-implant bone respond to load.,"[""pp08"",""pp07""]",Open with the question this slide answers: what does “Bone cells and bone remodeling: concept map” mean for a Prosthodontics clinician? Walk through: 1. Bone cells; 2. Remodeling cycle; 3. Mechanical regulation: the mechanostat. Close by linking back to the clinical problem before moving on.,0.8,ap001-s047,ap001,47
sec8,section,RANK/RANKL/OPG and mineralization,Section divider,"[""RANK–RANKL–OPG axis"",""Mineralization of bone matrix"",""Therapeutic targeting of resorption""]",section_divider,"The RANKL/OPG balance links inflammation, hormones and antiresorptive drugs to jaw bone.",[],Pause here and introduce “RANK/RANKL/OPG and mineralization”. Tell the audience what this part covers and why it matters in Prosthodontics.,0.99,ap001-s048,ap001,48
sec8,mechanism,RANK–RANKL–OPG axis,Explain rank–rankl–opg axis within rank/rankl/opg and mineralization.,"[""RANKL from osteoblasts and osteocytes binds RANK on osteoclast precursors"",""Osteoprotegerin (OPG) is a decoy receptor that blocks RANKL"",""The RANKL/OPG ratio determines the rate of resorption"",""PTH, inflammation and glucocorticoids raise the RANKL/OPG ratio""]",mechanism_diagram,"The RANKL/OPG balance links inflammation, hormones and antiresorptive drugs to jaw bone.","[""pp09"",""pp08""]",Open with the question this slide answers: what does “RANK–RANKL–OPG axis” mean for a Prosthodontics clinician? Walk through: RANKL from osteoblasts and osteocytes binds RANK on osteoclast precursors; Osteoprotegerin (OPG) is a decoy receptor that blocks RANKL; The RANKL/OPG ratio determines the rate of resorption. Close by linking back to the clinical problem before moving on.,0.93,ap001-s049,ap001,49
sec8,image_explanation,Mineralization of bone matrix,Explain mineralization of bone matrix within rank/rankl/opg and mineralization.,"[""Matrix vesicles initiate hydroxyapatite nucleation"",""Alkaline phosphatase removes pyrophosphate, a mineralization inhibitor"",""Primary mineralization is rapid; secondary mineralization continues for months""]",clinical_image,"The RANKL/OPG balance links inflammation, hormones and antiresorptive drugs to jaw bone.",[],"Open with the question this slide answers: what does “Mineralization of bone matrix” mean for a Prosthodontics clinician? Walk through: Matrix vesicles initiate hydroxyapatite nucleation; Alkaline phosphatase removes pyrophosphate, a mineralization inhibitor; Primary mineralization is rapid; secondary mineralization continues for months. Close by linking back to the clinical problem before moving on.",0.92,ap001-s050,ap001,50
sec8,image_explanation,Therapeutic targeting of resorption,Explain therapeutic targeting of resorption within rank/rankl/opg and mineralization.,"[""Denosumab is a monoclonal antibody against RANKL"",""Bisphosphonates inhibit osteoclast function"",""Both carry a risk of medication-related osteonecrosis of the jaw (MRONJ)""]",clinical_image,"The RANKL/OPG balance links inflammation, hormones and antiresorptive drugs to jaw bone.","[""pp13"",""pp14""]",Open with the question this slide answers: what does “Therapeutic targeting of resorption” mean for a Prosthodontics clinician? Walk through: Denosumab is a monoclonal antibody against RANKL; Bisphosphonates inhibit osteoclast function; Both carry a risk of medication-related osteonecrosis of the jaw (MRONJ). Close by linking back to the clinical problem before moving on.,0.9,ap001-s051,ap001,51
sec8,image_explanation,RANK/RANKL/OPG and mineralization: clinical correlation with biomaterials,Reinforce rank/rankl/opg and mineralization from a Prosthodontics perspective.,"[""The RANKL/OPG balance links inflammation, hormones and antiresorptive drugs to jaw bone."",""Ask: how does rank–rankl–opg axis alter biomaterials?"",""Ask: how does mineralization of bone matrix alter biomaterials?""]",clinical_image,"The RANKL/OPG balance links inflammation, hormones and antiresorptive drugs to jaw bone.","[""pp09"",""pp08"",""pp13""]","Open with the question this slide answers: what does “RANK/RANKL/OPG and mineralization: clinical correlation with biomaterials” mean for a Prosthodontics clinician? Walk through: The RANKL/OPG balance links inflammation, hormones and antiresorptive drugs to jaw bone.; Ask: how does rank–rankl–opg axis alter biomaterials?; Ask: how does mineralization of bone matrix alter biomaterials?. Close by linking back to the clinical problem before moving on.",0.74,ap001-s052,ap001,52
sec8,mechanism,RANK/RANKL/OPG and mineralization: concept map,Reinforce rank/rankl/opg and mineralization from a Prosthodontics perspective.,"[""1. RANK–RANKL–OPG axis"",""2. Mineralization of bone matrix"",""3. Therapeutic targeting of resorption""]",mechanism_diagram,"The RANKL/OPG balance links inflammation, hormones and antiresorptive drugs to jaw bone.","[""pp09"",""pp08"",""pp13""]",Open with the question this slide answers: what does “RANK/RANKL/OPG and mineralization: concept map” mean for a Prosthodontics clinician? Walk through: 1. RANK–RANKL–OPG axis; 2. Mineralization of bone matrix; 3. Therapeutic targeting of resorption. Close by linking back to the clinical problem before moving on.,0.78,ap001-s053,ap001,53
sec9,section,"Hypocalcemia, hypercalcemia and metabolic disorders",Section divider,"[""Hypocalcemia"",""Hypercalcemia"",""Other metabolic bone diseases""]",section_divider,Several metabolic bone diseases have characteristic oral and denture-related presentations.,[],"Pause here and introduce “Hypocalcemia, hypercalcemia and metabolic disorders”. Tell the audience what this part covers and why it matters in Prosthodontics.",0.99,ap001-s054,ap001,54
sec9,comparison,Hypocalcemia,"Explain hypocalcemia within hypocalcemia, hypercalcemia and metabolic disorders.","[""Causes include hypoparathyroidism, vitamin D deficiency, CKD and hypomagnesemia"",""Signs: perioral paresthesia, Chvostek and Trousseau signs, tetany"",""Developmental hypocalcemia can cause enamel hypoplasia""]",comparison_table,Several metabolic bone diseases have characteristic oral and denture-related presentations.,"[""pp12"",""pp11""]","Open with the question this slide answers: what does “Hypocalcemia” mean for a Prosthodontics clinician? Walk through: Causes include hypoparathyroidism, vitamin D deficiency, CKD and hypomagnesemia; Signs: perioral paresthesia, Chvostek and Trousseau signs, tetany; Developmental hypocalcemia can cause enamel hypoplasia. Close by linking back to the clinical problem before moving on.",0.96,ap001-s055,ap001,55
sec9,comparison,Hypercalcemia,"Explain hypercalcemia within hypocalcemia, hypercalcemia and metabolic disorders.","[""Primary hyperparathyroidism and malignancy account for most cases"",""Classic features: 'bones, stones, groans and psychic moans'"",""Hyperparathyroidism may show brown tumours and loss of lamina dura""]",comparison_table,Several metabolic bone diseases have characteristic oral and denture-related presentations.,"[""pp10""]","Open with the question this slide answers: what does “Hypercalcemia” mean for a Prosthodontics clinician? Walk through: Primary hyperparathyroidism and malignancy account for most cases; Classic features: 'bones, stones, groans and psychic moans'; Hyperparathyroidism may show brown tumours and loss of lamina dura. Close by linking back to the clinical problem before moving on.",0.91,ap001-s056,ap001,56
sec9,comparison,Other metabolic bone diseases,"Explain other metabolic bone diseases within hypocalcemia, hypercalcemia and metabolic disorders.","[""Rickets and osteomalacia — defective mineralization"",""Renal osteodystrophy in chronic kidney disease"",""Paget disease — hypercementosis and jaw enlargement causing ill-fitting dentures""]",comparison_table,Several metabolic bone diseases have characteristic oral and denture-related presentations.,[],Open with the question this slide answers: what does “Other metabolic bone diseases” mean for a Prosthodontics clinician? Walk through: Rickets and osteomalacia — defective mineralization; Renal osteodystrophy in chronic kidney disease; Paget disease — hypercementosis and jaw enlargement causing ill-fitting dentures. Close by linking back to the clinical problem before moving on.,0.95,ap001-s057,ap001,57
sec9,image_explanation,"Hypocalcemia, hypercalcemia and metabolic disorders: clinical correlation with digital workflow","Reinforce hypocalcemia, hypercalcemia and metabolic disorders from a Prosthodontics perspective.","[""Several metabolic bone diseases have characteristic oral and denture-related presentations."",""Ask: how does hypocalcemia alter digital workflow?"",""Ask: how does hypercalcemia alter digital workflow?""]",clinical_image,Several metabolic bone diseases have characteristic oral and denture-related presentations.,"[""pp12"",""pp11"",""pp10""]","Open with the question this slide answers: what does “Hypocalcemia, hypercalcemia and metabolic disorders: clinical correlation with digital workflow” mean for a Prosthodontics clinician? Walk through: Several metabolic bone diseases have characteristic oral and denture-related presentations.; Ask: how does hypocalcemia alter digital workflow?; Ask: how does hypercalcemia alter digital workflow?. Close by linking back to the clinical problem before moving on.",0.78,ap001-s058,ap001,58
sec9,mechanism,"Hypocalcemia, hypercalcemia and metabolic disorders: concept map","Reinforce hypocalcemia, hypercalcemia and metabolic disorders from a Prosthodontics perspective.","[""1. Hypocalcemia"",""2. Hypercalcemia"",""3. Other metabolic bone diseases""]",mechanism_diagram,Several metabolic bone diseases have characteristic oral and denture-related presentations.,"[""pp12"",""pp11"",""pp10""]","Open with the question this slide answers: what does “Hypocalcemia, hypercalcemia and metabolic disorders: concept map” mean for a Prosthodontics clinician? Walk through: 1. Hypocalcemia; 2. Hypercalcemia; 3. Other metabolic bone diseases. Close by linking back to the clinical problem before moving on.",0.81,ap001-s059,ap001,59
sec10,section,Osteoporosis and systemic factors affecting bone,Section divider,"[""Osteoporosis"",""Jaw bone in osteoporosis"",""Systemic modifiers of bone""]",section_divider,"Osteoporosis and its drugs directly affect ridge resorption, implant planning and surgical risk.",[],Pause here and introduce “Osteoporosis and systemic factors affecting bone”. Tell the audience what this part covers and why it matters in Prosthodontics.,0.99,ap001-s060,ap001,60
sec10,comparison,Osteoporosis,Explain osteoporosis within osteoporosis and systemic factors affecting bone.,"[""Low bone mass with microarchitectural deterioration"",""Diagnosed by DXA with a T-score of −2.5 or lower"",""Estrogen deficiency after menopause increases RANKL-driven resorption""]",comparison_table,"Osteoporosis and its drugs directly affect ridge resorption, implant planning and surgical risk.","[""pp09"",""pp08""]",Open with the question this slide answers: what does “Osteoporosis” mean for a Prosthodontics clinician? Walk through: Low bone mass with microarchitectural deterioration; Diagnosed by DXA with a T-score of −2.5 or lower; Estrogen deficiency after menopause increases RANKL-driven resorption. Close by linking back to the clinical problem before moving on.,0.92,ap001-s061,ap001,61
sec10,comparison,Jaw bone in osteoporosis,Explain jaw bone in osteoporosis within osteoporosis and systemic factors affecting bone.,"[""Associations with reduced mandibular cortical width and ridge resorption are reported but inconsistent"",""Panoramic cortical indices may support opportunistic screening"",""Osteoporosis alone is not an absolute contraindication to implants""]",comparison_table,"Osteoporosis and its drugs directly affect ridge resorption, implant planning and surgical risk.","[""pp03"",""pp04""]",Open with the question this slide answers: what does “Jaw bone in osteoporosis” mean for a Prosthodontics clinician? Walk through: Associations with reduced mandibular cortical width and ridge resorption are reported but inconsistent; Panoramic cortical indices may support opportunistic screening; Osteoporosis alone is not an absolute contraindication to implants. Close by linking back to the clinical problem before moving on.,0.91,ap001-s062,ap001,62
sec10,image_explanation,Systemic modifiers of bone,Explain systemic modifiers of bone within osteoporosis and systemic factors affecting bone.,"[""Diabetes, smoking, glucocorticoids, thyroid disease and CKD"",""Antiresorptive and anti-angiogenic drugs carry MRONJ risk"",""Nutrition, vitamin D status and age""]",clinical_image,"Osteoporosis and its drugs directly affect ridge resorption, implant planning and surgical risk.","[""pp13"",""pp14""]","Open with the question this slide answers: what does “Systemic modifiers of bone” mean for a Prosthodontics clinician? Walk through: Diabetes, smoking, glucocorticoids, thyroid disease and CKD; Antiresorptive and anti-angiogenic drugs carry MRONJ risk; Nutrition, vitamin D status and age. Close by linking back to the clinical problem before moving on.",0.97,ap001-s063,ap001,63
sec10,image_explanation,Osteoporosis and systemic factors affecting bone: clinical correlation with occlusion,Reinforce osteoporosis and systemic factors affecting bone from a Prosthodontics perspective.,"[""Osteoporosis and its drugs directly affect ridge resorption, implant planning and surgical risk."",""Ask: how does osteoporosis alter occlusion?"",""Ask: how does jaw bone in osteoporosis alter occlusion?""]",clinical_image,"Osteoporosis and its drugs directly affect ridge resorption, implant planning and surgical risk.","[""pp09"",""pp08"",""pp03""]","Open with the question this slide answers: what does “Osteoporosis and systemic factors affecting bone: clinical correlation with occlusion” mean for a Prosthodontics clinician? Walk through: Osteoporosis and its drugs directly affect ridge resorption, implant planning and surgical risk.; Ask: how does osteoporosis alter occlusion?; Ask: how does jaw bone in osteoporosis alter occlusion?. Close by linking back to the clinical problem before moving on.",0.84,ap001-s064,ap001,64
sec10,mechanism,Osteoporosis and systemic factors affecting bone: concept map,Reinforce osteoporosis and systemic factors affecting bone from a Prosthodontics perspective.,"[""1. Osteoporosis"",""2. Jaw bone in osteoporosis"",""3. Systemic modifiers of bone""]",mechanism_diagram,"Osteoporosis and its drugs directly affect ridge resorption, implant planning and surgical risk.","[""pp09"",""pp08"",""pp03""]",Open with the question this slide answers: what does “Osteoporosis and systemic factors affecting bone: concept map” mean for a Prosthodontics clinician? Walk through: 1. Osteoporosis; 2. Jaw bone in osteoporosis; 3. Systemic modifiers of bone. Close by linking back to the clinical problem before moving on.,0.75,ap001-s065,ap001,65
sec11,section,Alveolar bone and residual ridge resorption,Section divider,"[""Alveolar bone after tooth loss"",""Residual ridge resorption as a disease entity"",""Factors in residual ridge resorption"",""Prosthodontic management of the resorbing ridge""]",section_divider,Residual ridge resorption is the central biological problem of complete denture prosthodontics.,[],Pause here and introduce “Alveolar bone and residual ridge resorption”. Tell the audience what this part covers and why it matters in Prosthodontics.,0.99,ap001-s066,ap001,66
sec11,image_explanation,Alveolar bone after tooth loss,Explain alveolar bone after tooth loss within alveolar bone and residual ridge resorption.,"[""Alveolar bone is tooth-dependent — it forms with eruption and resorbs after loss"",""Bundle bone lining the socket is lost early after extraction"",""The thin buccal plate in the anterior maxilla is most vulnerable""]",clinical_image,Residual ridge resorption is the central biological problem of complete denture prosthodontics.,"[""pp05"",""pp06""]",Open with the question this slide answers: what does “Alveolar bone after tooth loss” mean for a Prosthodontics clinician? Walk through: Alveolar bone is tooth-dependent — it forms with eruption and resorbs after loss; Bundle bone lining the socket is lost early after extraction; The thin buccal plate in the anterior maxilla is most vulnerable. Close by linking back to the clinical problem before moving on.,0.88,ap001-s067,ap001,67
sec11,image_explanation,Residual ridge resorption as a disease entity,Explain residual ridge resorption as a disease entity within alveolar bone and residual ridge resorption.,"[""Atwood described RRR as chronic, progressive, irreversible and cumulative"",""The mandibular ridge resorbs faster than the maxillary ridge (Tallgren)"",""Most dimensional change occurs within the first months after extraction""]",clinical_image,Residual ridge resorption is the central biological problem of complete denture prosthodontics.,"[""pp03"",""pp04""]","Open with the question this slide answers: what does “Residual ridge resorption as a disease entity” mean for a Prosthodontics clinician? Walk through: Atwood described RRR as chronic, progressive, irreversible and cumulative; The mandibular ridge resorbs faster than the maxillary ridge (Tallgren); Most dimensional change occurs within the first months after extraction. Close by linking back to the clinical problem before moving on.",0.95,ap001-s068,ap001,68
sec11,image_explanation,Factors in residual ridge resorption,Explain factors in residual ridge resorption within alveolar bone and residual ridge resorption.,"[""Atwood grouped factors as anatomic, metabolic, functional and prosthetic"",""Systemic calcium, vitamin D status and osteoporosis act as metabolic factors"",""Ill-fitting dentures and parafunction increase load-related resorption""]",clinical_image,Residual ridge resorption is the central biological problem of complete denture prosthodontics.,"[""pp03"",""pp04""]","Open with the question this slide answers: what does “Factors in residual ridge resorption” mean for a Prosthodontics clinician? Walk through: Atwood grouped factors as anatomic, metabolic, functional and prosthetic; Systemic calcium, vitamin D status and osteoporosis act as metabolic factors; Ill-fitting dentures and parafunction increase load-related resorption. Close by linking back to the clinical problem before moving on.",0.92,ap001-s069,ap001,69
sec11,clinical_workflow,Prosthodontic management of the resorbing ridge,Explain prosthodontic management of the resorbing ridge within alveolar bone and residual ridge resorption.,"[""Socket and ridge preservation at extraction"",""Implant-retained overdentures help preserve the anterior mandible"",""Regular relining and occlusal review""]",flowchart,Residual ridge resorption is the central biological problem of complete denture prosthodontics.,"[""pp01"",""pp02""]",Open with the question this slide answers: what does “Prosthodontic management of the resorbing ridge” mean for a Prosthodontics clinician? Walk through: Socket and ridge preservation at extraction; Implant-retained overdentures help preserve the anterior mandible; Regular relining and occlusal review. Close by linking back to the clinical problem before moving on.,0.9,ap001-s070,ap001,70
sec11,image_explanation,Alveolar bone and residual ridge resorption: clinical correlation with occlusion,Reinforce alveolar bone and residual ridge resorption from a Prosthodontics perspective.,"[""Residual ridge resorption is the central biological problem of complete denture prosthodontics."",""Ask: how does alveolar bone after tooth loss alter occlusion?"",""Ask: how does residual ridge resorption as a disease entity alter occlusion?""]",clinical_image,Residual ridge resorption is the central biological problem of complete denture prosthodontics.,"[""pp05"",""pp06"",""pp03""]",Open with the question this slide answers: what does “Alveolar bone and residual ridge resorption: clinical correlation with occlusion” mean for a Prosthodontics clinician? Walk through: Residual ridge resorption is the central biological problem of complete denture prosthodontics.; Ask: how does alveolar bone after tooth loss alter occlusion?; Ask: how does residual ridge resorption as a disease entity alter occlusion?. Close by linking back to the clinical problem before moving on.,0.78,ap001-s071,ap001,71
sec11,mechanism,Alveolar bone and residual ridge resorption: concept map,Reinforce alveolar bone and residual ridge resorption from a Prosthodontics perspective.,"[""1. Alveolar bone after tooth loss"",""2. Residual ridge resorption as a disease entity"",""3. Factors in residual ridge resorption"",""4. Prosthodontic management of the resorbing ridge""]",mechanism_diagram,Residual ridge resorption is the central biological problem of complete denture prosthodontics.,"[""pp05"",""pp06"",""pp03""]",Open with the question this slide answers: what does “Alveolar bone and residual ridge resorption: concept map” mean for a Prosthodontics clinician? Walk through: 1. Alveolar bone after tooth loss; 2. Residual ridge resorption as a disease entity; 3. Factors in residual ridge resorption. Close by linking back to the clinical problem before moving on.,0.81,ap001-s072,ap001,72
sec11,summary,Alveolar bone and residual ridge resorption: key takeaways,Reinforce alveolar bone and residual ridge resorption from a Prosthodontics perspective.,"[""Alveolar bone is tooth-dependent — it forms with eruption and resorbs after loss"",""Atwood described RRR as chronic, progressive, irreversible and cumulative"",""Atwood grouped factors as anatomic, metabolic, functional and prosthetic"",""Socket and ridge preservation at extraction""]",key_takeaways,Residual ridge resorption is the central biological problem of complete denture prosthodontics.,[],"Open with the question this slide answers: what does “Alveolar bone and residual ridge resorption: key takeaways” mean for a Prosthodontics clinician? Walk through: Alveolar bone is tooth-dependent — it forms with eruption and resorbs after loss; Atwood described RRR as chronic, progressive, irreversible and cumulative; Atwood grouped factors as anatomic, metabolic, functional and prosthetic. Close by linking back to the clinical problem before moving on.",0.81,ap001-s073,ap001,73
sec12,section,Implant osseointegration and bone healing,Section divider,"[""Osseointegration"",""Peri-implant endosseous healing"",""Metabolic factors in osseointegration""]",section_divider,Osseointegration is calcium-driven bone biology applied to an implant surface.,[],Pause here and introduce “Implant osseointegration and bone healing”. Tell the audience what this part covers and why it matters in Prosthodontics.,0.99,ap001-s074,ap001,74
sec12,image_explanation,Osseointegration,Explain osseointegration within implant osseointegration and bone healing.,"[""Direct structural and functional connection between bone and the implant surface (Brånemark)"",""Primary stability is mechanical; secondary stability is biological"",""A stability dip occurs at around weeks 2–4 as resorption precedes new bone formation""]",clinical_image,Osseointegration is calcium-driven bone biology applied to an implant surface.,"[""pp01"",""pp02""]",Open with the question this slide answers: what does “Osseointegration” mean for a Prosthodontics clinician? Walk through: Direct structural and functional connection between bone and the implant surface (Brånemark); Primary stability is mechanical; secondary stability is biological; A stability dip occurs at around weeks 2–4 as resorption precedes new bone formation. Close by linking back to the clinical problem before moving on.,0.91,ap001-s075,ap001,75
sec12,mechanism,Peri-implant endosseous healing,Explain peri-implant endosseous healing within implant osseointegration and bone healing.,"[""Osteoconduction, de novo bone formation and remodeling (Davies)"",""Contact versus distance osteogenesis"",""Microrough surfaces enhance osteogenic cell attachment""]",mechanism_diagram,Osseointegration is calcium-driven bone biology applied to an implant surface.,"[""pp01"",""pp02""]","Open with the question this slide answers: what does “Peri-implant endosseous healing” mean for a Prosthodontics clinician? Walk through: Osteoconduction, de novo bone formation and remodeling (Davies); Contact versus distance osteogenesis; Microrough surfaces enhance osteogenic cell attachment. Close by linking back to the clinical problem before moving on.",0.86,ap001-s076,ap001,76
sec12,image_explanation,Metabolic factors in osseointegration,Explain metabolic factors in osseointegration within implant osseointegration and bone healing.,"[""Vitamin D deficiency has been associated with early implant failure in some studies"",""Uncontrolled diabetes and smoking impair healing"",""Antiresorptive therapy requires MRONJ risk assessment before surgery""]",clinical_image,Osseointegration is calcium-driven bone biology applied to an implant surface.,"[""pp13"",""pp12""]",Open with the question this slide answers: what does “Metabolic factors in osseointegration” mean for a Prosthodontics clinician? Walk through: Vitamin D deficiency has been associated with early implant failure in some studies; Uncontrolled diabetes and smoking impair healing; Antiresorptive therapy requires MRONJ risk assessment before surgery. Close by linking back to the clinical problem before moving on.,0.9,ap001-s077,ap001,77
sec12,image_explanation,Implant osseointegration and bone healing: clinical correlation with implant prosthodontics,Reinforce implant osseointegration and bone healing from a Prosthodontics perspective.,"[""Osseointegration is calcium-driven bone biology applied to an implant surface."",""Ask: how does osseointegration alter implant prosthodontics?"",""Ask: how does peri-implant endosseous healing alter implant prosthodontics?""]",clinical_image,Osseointegration is calcium-driven bone biology applied to an implant surface.,"[""pp01"",""pp02"",""pp13""]",Open with the question this slide answers: what does “Implant osseointegration and bone healing: clinical correlation with implant prosthodontics” mean for a Prosthodontics clinician? Walk through: Osseointegration is calcium-driven bone biology applied to an implant surface.; Ask: how does osseointegration alter implant prosthodontics?; Ask: how does peri-implant endosseous healing alter implant prosthodontics?. Close by linking back to the clinical problem before moving on.,0.83,ap001-s078,ap001,78
sec12,mechanism,Implant osseointegration and bone healing: concept map,Reinforce implant osseointegration and bone healing from a Prosthodontics perspective.,"[""1. Osseointegration"",""2. Peri-implant endosseous healing"",""3. Metabolic factors in osseointegration""]",mechanism_diagram,Osseointegration is calcium-driven bone biology applied to an implant surface.,"[""pp01"",""pp02"",""pp13""]",Open with the question this slide answers: what does “Implant osseointegration and bone healing: concept map” mean for a Prosthodontics clinician? Walk through: 1. Osseointegration; 2. Peri-implant endosseous healing; 3. Metabolic factors in osseointegration. Close by linking back to the clinical problem before moving on.,0.8,ap001-s079,ap001,79
sec13,section,Calcium-phosphate biomaterials and grafts,Section divider,"[""Calcium-phosphate ceramics"",""Bone graft categories"",""Calcium-phosphate implant coatings""]",section_divider,Graft and coating choice is a daily prosthodontic decision rooted in calcium-phosphate science.,[],Pause here and introduce “Calcium-phosphate biomaterials and grafts”. Tell the audience what this part covers and why it matters in Prosthodontics.,0.99,ap001-s080,ap001,80
sec13,comparison,Calcium-phosphate ceramics,Explain calcium-phosphate ceramics within calcium-phosphate biomaterials and grafts.,"[""Hydroxyapatite — osteoconductive and slowly resorbing"",""β-tricalcium phosphate — resorbs faster"",""Biphasic calcium phosphate balances scaffold persistence and replacement""]",comparison_table,Graft and coating choice is a daily prosthodontic decision rooted in calcium-phosphate science.,"[""pp16""]",Open with the question this slide answers: what does “Calcium-phosphate ceramics” mean for a Prosthodontics clinician? Walk through: Hydroxyapatite — osteoconductive and slowly resorbing; β-tricalcium phosphate — resorbs faster; Biphasic calcium phosphate balances scaffold persistence and replacement. Close by linking back to the clinical problem before moving on.,0.89,ap001-s081,ap001,81
sec13,comparison,Bone graft categories,Explain bone graft categories within calcium-phosphate biomaterials and grafts.,"[""Autograft — osteogenic, osteoinductive and osteoconductive"",""Allograft and xenograft (deproteinized bovine bone)"",""Alloplasts — synthetic calcium phosphates and bioactive glass""]",comparison_table,Graft and coating choice is a daily prosthodontic decision rooted in calcium-phosphate science.,"[""pp16""]","Open with the question this slide answers: what does “Bone graft categories” mean for a Prosthodontics clinician? Walk through: Autograft — osteogenic, osteoinductive and osteoconductive; Allograft and xenograft (deproteinized bovine bone); Alloplasts — synthetic calcium phosphates and bioactive glass. Close by linking back to the clinical problem before moving on.",0.95,ap001-s082,ap001,82
sec13,image_explanation,Calcium-phosphate implant coatings,Explain calcium-phosphate implant coatings within calcium-phosphate biomaterials and grafts.,"[""HA and calcium-phosphate coatings aim to accelerate early bone apposition"",""Coating delamination is a long-term concern"",""Ion-releasing bioactive surfaces are an active research direction""]",clinical_image,Graft and coating choice is a daily prosthodontic decision rooted in calcium-phosphate science.,"[""pp01"",""pp02""]",Open with the question this slide answers: what does “Calcium-phosphate implant coatings” mean for a Prosthodontics clinician? Walk through: HA and calcium-phosphate coatings aim to accelerate early bone apposition; Coating delamination is a long-term concern; Ion-releasing bioactive surfaces are an active research direction. Close by linking back to the clinical problem before moving on.,0.9,ap001-s083,ap001,83
sec13,image_explanation,Calcium-phosphate biomaterials and grafts: clinical correlation with edentulous ridge,Reinforce calcium-phosphate biomaterials and grafts from a Prosthodontics perspective.,"[""Graft and coating choice is a daily prosthodontic decision rooted in calcium-phosphate science."",""Ask: how does calcium-phosphate ceramics alter edentulous ridge?"",""Ask: how does bone graft categories alter edentulous ridge?""]",clinical_image,Graft and coating choice is a daily prosthodontic decision rooted in calcium-phosphate science.,"[""pp16"",""pp01"",""pp02""]",Open with the question this slide answers: what does “Calcium-phosphate biomaterials and grafts: clinical correlation with edentulous ridge” mean for a Prosthodontics clinician? Walk through: Graft and coating choice is a daily prosthodontic decision rooted in calcium-phosphate science.; Ask: how does calcium-phosphate ceramics alter edentulous ridge?; Ask: how does bone graft categories alter edentulous ridge?. Close by linking back to the clinical problem before moving on.,0.82,ap001-s084,ap001,84
sec13,mechanism,Calcium-phosphate biomaterials and grafts: concept map,Reinforce calcium-phosphate biomaterials and grafts from a Prosthodontics perspective.,"[""1. Calcium-phosphate ceramics"",""2. Bone graft categories"",""3. Calcium-phosphate implant coatings""]",mechanism_diagram,Graft and coating choice is a daily prosthodontic decision rooted in calcium-phosphate science.,"[""pp16"",""pp01"",""pp02""]",Open with the question this slide answers: what does “Calcium-phosphate biomaterials and grafts: concept map” mean for a Prosthodontics clinician? Walk through: 1. Calcium-phosphate ceramics; 2. Bone graft categories; 3. Calcium-phosphate implant coatings. Close by linking back to the clinical problem before moving on.,0.76,ap001-s085,ap001,85
sec14,section,Clinical implications for prosthodontic patients,Section divider,"[""Medical history and assessment"",""Treatment planning decisions"",""Maintenance of the prosthodontic patient""]",section_divider,"Turns metabolic biology into history-taking, treatment planning and maintenance decisions.",[],Pause here and introduce “Clinical implications for prosthodontic patients”. Tell the audience what this part covers and why it matters in Prosthodontics.,0.99,ap001-s086,ap001,86
sec14,timeline,Medical history and assessment,Explain medical history and assessment within clinical implications for prosthodontic patients.,"[""Screen for osteoporosis, CKD, parathyroid/thyroid disease and malabsorption"",""Review medications: bisphosphonates, denosumab, steroids, anticonvulsants"",""Consider serum calcium, vitamin D and HbA1c in collaboration with the physician""]",timeline,"Turns metabolic biology into history-taking, treatment planning and maintenance decisions.","[""pp13"",""pp14""]","Open with the question this slide answers: what does “Medical history and assessment” mean for a Prosthodontics clinician? Walk through: Screen for osteoporosis, CKD, parathyroid/thyroid disease and malabsorption; Review medications: bisphosphonates, denosumab, steroids, anticonvulsants; Consider serum calcium, vitamin D and HbA1c in collaboration with the physician. Close by linking back to the clinical problem before moving on.",0.92,ap001-s087,ap001,87
sec14,clinical_workflow,Treatment planning decisions,Explain treatment planning decisions within clinical implications for prosthodontic patients.,"[""Favour ridge preservation at the time of extraction"",""Choose implant-supported options where bone quality and medical status permit"",""Use a conservative surgical approach in patients on antiresorptives""]",flowchart,"Turns metabolic biology into history-taking, treatment planning and maintenance decisions.","[""pp05"",""pp13""]",Open with the question this slide answers: what does “Treatment planning decisions” mean for a Prosthodontics clinician? Walk through: Favour ridge preservation at the time of extraction; Choose implant-supported options where bone quality and medical status permit; Use a conservative surgical approach in patients on antiresorptives. Close by linking back to the clinical problem before moving on.,0.9,ap001-s088,ap001,88
sec14,clinical_workflow,Maintenance of the prosthodontic patient,Explain maintenance of the prosthodontic patient within clinical implications for prosthodontic patients.,"[""Recall for reline or rebase as the ridge resorbs"",""Monitor peri-implant bone radiographically"",""Counsel elderly denture wearers on calcium and vitamin D intake""]",flowchart,"Turns metabolic biology into history-taking, treatment planning and maintenance decisions.","[""pp03"",""pp04""]",Open with the question this slide answers: what does “Maintenance of the prosthodontic patient” mean for a Prosthodontics clinician? Walk through: Recall for reline or rebase as the ridge resorbs; Monitor peri-implant bone radiographically; Counsel elderly denture wearers on calcium and vitamin D intake. Close by linking back to the clinical problem before moving on.,0.92,ap001-s089,ap001,89
sec14,image_explanation,Clinical implications for prosthodontic patients: clinical correlation with esthetics,Reinforce clinical implications for prosthodontic patients from a Prosthodontics perspective.,"[""Turns metabolic biology into history-taking, treatment planning and maintenance decisions."",""Ask: how does medical history and assessment alter esthetics?"",""Ask: how does treatment planning decisions alter esthetics?""]",clinical_image,"Turns metabolic biology into history-taking, treatment planning and maintenance decisions.","[""pp13"",""pp14"",""pp05""]","Open with the question this slide answers: what does “Clinical implications for prosthodontic patients: clinical correlation with esthetics” mean for a Prosthodontics clinician? Walk through: Turns metabolic biology into history-taking, treatment planning and maintenance decisions.; Ask: how does medical history and assessment alter esthetics?; Ask: how does treatment planning decisions alter esthetics?. Close by linking back to the clinical problem before moving on.",0.84,ap001-s090,ap001,90
sec14,mechanism,Clinical implications for prosthodontic patients: concept map,Reinforce clinical implications for prosthodontic patients from a Prosthodontics perspective.,"[""1. Medical history and assessment"",""2. Treatment planning decisions"",""3. Maintenance of the prosthodontic patient""]",mechanism_diagram,"Turns metabolic biology into history-taking, treatment planning and maintenance decisions.","[""pp13"",""pp14"",""pp05""]",Open with the question this slide answers: what does “Clinical implications for prosthodontic patients: concept map” mean for a Prosthodontics clinician? Walk through: 1. Medical history and assessment; 2. Treatment planning decisions; 3. Maintenance of the prosthodontic patient. Close by linking back to the clinical problem before moving on.,0.83,ap001-s091,ap001,91
sec15,section,"Recent literature, controversies and future directions",Section divider,"[""Current debates"",""Emerging science""]",section_divider,Highlights where current evidence is still evolving for implant and denture patients.,[],"Pause here and introduce “Recent literature, controversies and future directions”. Tell the audience what this part covers and why it matters in Prosthodontics.",0.99,ap001-s092,ap001,92
sec15,timeline,Current debates,"Explain current debates within recent literature, controversies and future directions.","[""Role of vitamin D supplementation in implant success"",""Strength of the association between osteoporosis and ridge resorption"",""Drug holidays for antiresorptives before oral surgery""]",timeline,Highlights where current evidence is still evolving for implant and denture patients.,"[""pp13"",""pp12""]",Open with the question this slide answers: what does “Current debates” mean for a Prosthodontics clinician? Walk through: Role of vitamin D supplementation in implant success; Strength of the association between osteoporosis and ridge resorption; Drug holidays for antiresorptives before oral surgery. Close by linking back to the clinical problem before moving on.,0.87,ap001-s093,ap001,93
sec15,timeline,Emerging science,"Explain emerging science within recent literature, controversies and future directions.","[""Osteocyte signalling and anti-sclerostin therapy"",""Bioactive and ion-doped calcium-phosphate materials"",""Digital monitoring of ridge change with CBCT and intraoral scanning""]",timeline,Highlights where current evidence is still evolving for implant and denture patients.,[],Open with the question this slide answers: what does “Emerging science” mean for a Prosthodontics clinician? Walk through: Osteocyte signalling and anti-sclerostin therapy; Bioactive and ion-doped calcium-phosphate materials; Digital monitoring of ridge change with CBCT and intraoral scanning. Close by linking back to the clinical problem before moving on.,0.96,ap001-s094,ap001,94
sec15,image_explanation,"Recent literature, controversies and future directions: clinical correlation with edentulous ridge","Reinforce recent literature, controversies and future directions from a Prosthodontics perspective.","[""Highlights where current evidence is still evolving for implant and denture patients."",""Ask: how does current debates alter edentulous ridge?"",""Ask: how does emerging science alter edentulous ridge?""]",clinical_image,Highlights where current evidence is still evolving for implant and denture patients.,"[""pp13"",""pp12""]","Open with the question this slide answers: what does “Recent literature, controversies and future directions: clinical correlation with edentulous ridge” mean for a Prosthodontics clinician? Walk through: Highlights where current evidence is still evolving for implant and denture patients.; Ask: how does current debates alter edentulous ridge?; Ask: how does emerging science alter edentulous ridge?. Close by linking back to the clinical problem before moving on.",0.83,ap001-s095,ap001,95
sec15,mechanism,"Recent literature, controversies and future directions: concept map","Reinforce recent literature, controversies and future directions from a Prosthodontics perspective.","[""1. Current debates"",""2. Emerging science""]",mechanism_diagram,Highlights where current evidence is still evolving for implant and denture patients.,"[""pp13"",""pp12""]","Open with the question this slide answers: what does “Recent literature, controversies and future directions: concept map” mean for a Prosthodontics clinician? Walk through: 1. Current debates; 2. Emerging science. Close by linking back to the clinical problem before moving on.",0.86,ap001-s096,ap001,96
sec16,section,Conclusion and clinical takeaways,Section divider,"[""Take-home messages""]",section_divider,Consolidates the biology into decisions a prosthodontist makes chairside.,[],Pause here and introduce “Conclusion and clinical takeaways”. Tell the audience what this part covers and why it matters in Prosthodontics.,0.99,ap001-s097,ap001,97
sec16,summary,Take-home messages,Explain take-home messages within conclusion and clinical takeaways.,"[""Calcium homeostasis is tightly regulated by PTH, vitamin D and FGF23"",""Bone remodeling links systemic calcium balance to alveolar bone"",""Residual ridge resorption and osseointegration are expressions of the same biology"",""Screen, collaborate and plan prosthodontic care around metabolic status""]",key_takeaways,Consolidates the biology into decisions a prosthodontist makes chairside.,[],"Open with the question this slide answers: what does “Take-home messages” mean for a Prosthodontics clinician? Walk through: Calcium homeostasis is tightly regulated by PTH, vitamin D and FGF23; Bone remodeling links systemic calcium balance to alveolar bone; Residual ridge resorption and osseointegration are expressions of the same biology. Close by linking back to the clinical problem before moving on.",0.92,ap001-s098,ap001,98
sec16,image_explanation,Conclusion and clinical takeaways: clinical correlation with occlusion,Reinforce conclusion and clinical takeaways from a Prosthodontics perspective.,"[""Consolidates the biology into decisions a prosthodontist makes chairside."",""Ask: how does take-home messages alter occlusion?""]",clinical_image,Consolidates the biology into decisions a prosthodontist makes chairside.,[],Open with the question this slide answers: what does “Conclusion and clinical takeaways: clinical correlation with occlusion” mean for a Prosthodontics clinician? Walk through: Consolidates the biology into decisions a prosthodontist makes chairside.; Ask: how does take-home messages alter occlusion?. Close by linking back to the clinical problem before moving on.,0.85,ap001-s099,ap001,99
,references,References,Vancouver reference list,"[""Shimada T, Hasegawa H, Yamazaki Y, et al. FGF-23 is a potent regulator of vitamin D metabolism and phosphate homeostasis. J Bone Miner Res. 2004;19(3):429-35."",""Holick MF. Vitamin D deficiency. N Engl J Med. 2007;357(3):266-81."",""Brown EM, Gamba G, Riccardi D, et al. Cloning and characterization of an extracellular Ca2+-sensing receptor from bovine parathyroid. Nature. 1993;366(6455):575-80."",""Simonet WS, Lacey DL, Dunstan CR, et al. Osteoprotegerin: a novel secreted protein involved in the regulation of bone density. Cell. 1997;89(2):309-19."",""Hench LL. Bioceramics: from concept to clinic. J Am Ceram Soc. 1991;74(7):1487-510."",""Lacey DL, Timms E, Tan HL, et al. Osteoprotegerin ligand is a cytokine that regulates osteoclast differentiation and activation. Cell. 1998;93(2):165-76."",""Frost HM. Bone \""mass\"" and the \""mechanostat\"": a proposal. Anat Rec. 1987;219(1):1-9."",""Marx RE. Pamidronate (Aredia) and zoledronate (Zometa) induced avascular necrosis of the jaws: a growing epidemic. J Oral Maxillofac Surg. 2003;61(9):1115-7."",""Ruggiero SL, Dodson TB, Fantasia J, et al. American Association of Oral and Maxillofacial Surgeons position paper on medication-related osteonecrosis of the jaw — 2014 update. J Oral Maxillofac Surg. 2014;72(10):1938-56."",""Atwood DA. Reduction of residual ridges: a major oral disease entity. J Prosthet Dent. 1971;26(3):266-79."",""Tallgren A. The continuing reduction of the residual alveolar ridges in complete denture wearers: a mixed-longitudinal study covering 25 years. J Prosthet Dent. 1972;27(2):120-32."",""Schropp L, Wenzel A, Kostopoulos L, Karring T. Bone healing and soft tissue contour changes following single-tooth extraction: a clinical and radiographic 12-month prospective study. Int J Periodontics Restorative Dent. 2003;23(4):313-23."",""Araújo MG, Lindhe J. Dimensional ridge alterations following tooth extraction. An experimental study in the dog. J Clin Periodontol. 2005;32(2):212-8."",""Brånemark PI, Hansson BO, Adell R, et al. Osseointegrated implants in the treatment of the edentulous jaw. Experience from a 10-year period. Scand J Plast Reconstr Surg Suppl. 1977;16:1-132."",""Albrektsson T, Brånemark PI, Hansson HA, Lindström J. Osseointegrated titanium implants. Requirements for ensuring a long-lasting, direct bone-to-implant anchorage in man. Acta Orthop Scand. 1981;52(2):155-70.""]",reference_list,,"[""pp12"",""pp11"",""pp10"",""pp09"",""pp16"",""pp08"",""pp07"",""pp13"",""pp14"",""pp03"",""pp04"",""pp05"",""pp06"",""pp01"",""pp02""]",Point the audience to the key references for further reading.,0.95,ap001-s100,ap001,100
,title,Shade Selection in Esthetic Dentistry,BDS Prosthodontics seminar · 20–30 min,"[""BDS · Prosthodontics"",""Presented by FMD Academic""]",title_hero,Positions Shade Selection for a Prosthodontics audience.,[],"Introduce yourself, the topic and why Shade Selection matters for Prosthodontics.",0.99,ap003-s001,ap003,1
sec1,section,Introduction and learning objectives,Section divider,"[""Overview of Shade Selection"",""Learning objectives""]",section_divider,Links introduction and learning objectives to esthetics in Prosthodontics.,[],Pause here and introduce “Introduction and learning objectives”. Tell the audience what this part covers and why it matters in Prosthodontics.,0.99,ap003-s002,ap003,2
sec1,definition,Overview of Shade Selection,Explain overview of shade selection within introduction and learning objectives.,"[""Overview of Shade Selection: accepted definition and scope"",""Terminology for overview of shade selection in Prosthodontics literature"",""How overview of shade selection differs from related concepts""]",definition_card,Links introduction and learning objectives to esthetics in Prosthodontics.,[],Open with the question this slide answers: what does “Overview of Shade Selection” mean for a Prosthodontics clinician? Walk through: Overview of Shade Selection: accepted definition and scope; Terminology for overview of shade selection in Prosthodontics literature; How overview of shade selection differs from related concepts. Close by linking back to the clinical problem before moving on.,0.75,ap003-s003,ap003,3
sec1,objectives,Learning objectives,Explain learning objectives within introduction and learning objectives.,"[""Clinical presentation of learning objectives"",""Features to identify in learning objectives"",""Relevance of learning objectives to biomaterials""]",numbered_list,Links introduction and learning objectives to esthetics in Prosthodontics.,[],Open with the question this slide answers: what does “Learning objectives” mean for a Prosthodontics clinician? Walk through: Clinical presentation of learning objectives; Features to identify in learning objectives; Relevance of learning objectives to biomaterials. Close by linking back to the clinical problem before moving on.,0.67,ap003-s004,ap003,4
sec1,image_explanation,Introduction and learning objectives: clinical correlation with esthetics,Reinforce introduction and learning objectives from a Prosthodontics perspective.,"[""Links introduction and learning objectives to esthetics in Prosthodontics."",""Ask: how does overview of shade selection alter esthetics?"",""Ask: how does learning objectives alter esthetics?""]",clinical_image,Links introduction and learning objectives to esthetics in Prosthodontics.,[],Open with the question this slide answers: what does “Introduction and learning objectives: clinical correlation with esthetics” mean for a Prosthodontics clinician? Walk through: Links introduction and learning objectives to esthetics in Prosthodontics.; Ask: how does overview of shade selection alter esthetics?; Ask: how does learning objectives alter esthetics?. Close by linking back to the clinical problem before moving on.,0.77,ap003-s005,ap003,5
sec2,section,Historical perspective,Section divider,"[""Evolution of concepts"",""Landmark contributions""]",section_divider,Links historical perspective to digital workflow in Prosthodontics.,[],Pause here and introduce “Historical perspective”. Tell the audience what this part covers and why it matters in Prosthodontics.,0.99,ap003-s006,ap003,6
sec2,timeline,Evolution of concepts,Explain evolution of concepts within historical perspective.,"[""Early descriptions of evolution of concepts"",""Milestones that shaped evolution of concepts"",""Where evolution of concepts stands today""]",timeline,Links historical perspective to digital workflow in Prosthodontics.,[],Open with the question this slide answers: what does “Evolution of concepts” mean for a Prosthodontics clinician? Walk through: Early descriptions of evolution of concepts; Milestones that shaped evolution of concepts; Where evolution of concepts stands today. Close by linking back to the clinical problem before moving on.,0.66,ap003-s007,ap003,7
sec2,timeline,Landmark contributions,Explain landmark contributions within historical perspective.,"[""Early descriptions of landmark contributions"",""Milestones that shaped landmark contributions"",""Where landmark contributions stands today""]",timeline,Links historical perspective to digital workflow in Prosthodontics.,[],Open with the question this slide answers: what does “Landmark contributions” mean for a Prosthodontics clinician? Walk through: Early descriptions of landmark contributions; Milestones that shaped landmark contributions; Where landmark contributions stands today. Close by linking back to the clinical problem before moving on.,0.69,ap003-s008,ap003,8
sec2,image_explanation,Historical perspective: clinical correlation with digital workflow,Reinforce historical perspective from a Prosthodontics perspective.,"[""Links historical perspective to digital workflow in Prosthodontics."",""Ask: how does evolution of concepts alter digital workflow?"",""Ask: how does landmark contributions alter digital workflow?""]",clinical_image,Links historical perspective to digital workflow in Prosthodontics.,[],Open with the question this slide answers: what does “Historical perspective: clinical correlation with digital workflow” mean for a Prosthodontics clinician? Walk through: Links historical perspective to digital workflow in Prosthodontics.; Ask: how does evolution of concepts alter digital workflow?; Ask: how does landmark contributions alter digital workflow?. Close by linking back to the clinical problem before moving on.,0.79,ap003-s009,ap003,9
sec3,section,Definitions and classification,Section divider,"[""Definitions of Shade Selection"",""Classification systems""]",section_divider,Links definitions and classification to edentulous ridge in Prosthodontics.,[],Pause here and introduce “Definitions and classification”. Tell the audience what this part covers and why it matters in Prosthodontics.,0.99,ap003-s010,ap003,10
sec3,definition,Definitions of Shade Selection,Explain definitions of shade selection within definitions and classification.,"[""Definitions of Shade Selection: accepted definition and scope"",""Terminology for definitions of shade selection in Prosthodontics literature"",""How definitions of shade selection differs from related concepts""]",definition_card,Links definitions and classification to edentulous ridge in Prosthodontics.,"[""pp20"",""pp17""]",Open with the question this slide answers: what does “Definitions of Shade Selection” mean for a Prosthodontics clinician? Walk through: Definitions of Shade Selection: accepted definition and scope; Terminology for definitions of shade selection in Prosthodontics literature; How definitions of shade selection differs from related concepts. Close by linking back to the clinical problem before moving on.,0.68,ap003-s011,ap003,11
sec3,comparison,Classification systems,Explain classification systems within definitions and classification.,"[""Main categories within classification systems"",""Distinguishing features across classification systems"",""Why the classification systems distinctions matter clinically""]",comparison_table,Links definitions and classification to edentulous ridge in Prosthodontics.,"[""pp20"",""pp17""]",Open with the question this slide answers: what does “Classification systems” mean for a Prosthodontics clinician? Walk through: Main categories within classification systems; Distinguishing features across classification systems; Why the classification systems distinctions matter clinically. Close by linking back to the clinical problem before moving on.,0.72,ap003-s012,ap003,12
sec4,section,Basic science,Section divider,"[""Relevant anatomy and histology"",""Biological basis""]",section_divider,Links basic science to biomaterials in Prosthodontics.,[],Pause here and introduce “Basic science”. Tell the audience what this part covers and why it matters in Prosthodontics.,0.99,ap003-s013,ap003,13
sec4,image_explanation,Relevant anatomy and histology,Explain relevant anatomy and histology within basic science.,"[""Clinical presentation of relevant anatomy and histology"",""Features to identify in relevant anatomy and histology"",""Relevance of relevant anatomy and histology to complete dentures""]",clinical_image,Links basic science to biomaterials in Prosthodontics.,[],Open with the question this slide answers: what does “Relevant anatomy and histology” mean for a Prosthodontics clinician? Walk through: Clinical presentation of relevant anatomy and histology; Features to identify in relevant anatomy and histology; Relevance of relevant anatomy and histology to complete dentures. Close by linking back to the clinical problem before moving on.,0.72,ap003-s014,ap003,14
sec4,image_explanation,Biological basis,Explain biological basis within basic science.,"[""Clinical presentation of biological basis"",""Features to identify in biological basis"",""Relevance of biological basis to biomaterials""]",clinical_image,Links basic science to biomaterials in Prosthodontics.,[],Open with the question this slide answers: what does “Biological basis” mean for a Prosthodontics clinician? Walk through: Clinical presentation of biological basis; Features to identify in biological basis; Relevance of biological basis to biomaterials. Close by linking back to the clinical problem before moving on.,0.74,ap003-s015,ap003,15
sec5,section,Etiology and mechanisms,Section divider,"[""Etiological factors"",""Mechanism and pathophysiology""]",section_divider,Links etiology and mechanisms to edentulous ridge in Prosthodontics.,[],Pause here and introduce “Etiology and mechanisms”. Tell the audience what this part covers and why it matters in Prosthodontics.,0.99,ap003-s016,ap003,16
sec5,image_explanation,Etiological factors,Explain etiological factors within etiology and mechanisms.,"[""Clinical presentation of etiological factors"",""Features to identify in etiological factors"",""Relevance of etiological factors to biomaterials""]",clinical_image,Links etiology and mechanisms to edentulous ridge in Prosthodontics.,[],Open with the question this slide answers: what does “Etiological factors” mean for a Prosthodontics clinician? Walk through: Clinical presentation of etiological factors; Features to identify in etiological factors; Relevance of etiological factors to biomaterials. Close by linking back to the clinical problem before moving on.,0.77,ap003-s017,ap003,17
sec5,mechanism,Mechanism and pathophysiology,Explain mechanism and pathophysiology within etiology and mechanisms.,"[""Biological basis of mechanism and pathophysiology"",""Sequence of events in mechanism and pathophysiology"",""Local and systemic factors modifying mechanism and pathophysiology""]",mechanism_diagram,Links etiology and mechanisms to edentulous ridge in Prosthodontics.,[],Open with the question this slide answers: what does “Mechanism and pathophysiology” mean for a Prosthodontics clinician? Walk through: Biological basis of mechanism and pathophysiology; Sequence of events in mechanism and pathophysiology; Local and systemic factors modifying mechanism and pathophysiology. Close by linking back to the clinical problem before moving on.,0.71,ap003-s018,ap003,18
sec6,section,Shade Selection and occlusion,Section divider,"[""Principles of occlusion"",""Clinical considerations in occlusion""]",section_divider,Links shade selection and occlusion to occlusion in Prosthodontics.,[],Pause here and introduce “Shade Selection and occlusion”. Tell the audience what this part covers and why it matters in Prosthodontics.,0.99,ap003-s019,ap003,19
sec6,image_explanation,Principles of occlusion,Explain principles of occlusion within shade selection and occlusion.,"[""Clinical presentation of principles of occlusion"",""Features to identify in principles of occlusion"",""Relevance of principles of occlusion to digital workflow""]",clinical_image,Links shade selection and occlusion to occlusion in Prosthodontics.,"[""pp20""]",Open with the question this slide answers: what does “Principles of occlusion” mean for a Prosthodontics clinician? Walk through: Clinical presentation of principles of occlusion; Features to identify in principles of occlusion; Relevance of principles of occlusion to digital workflow. Close by linking back to the clinical problem before moving on.,0.67,ap003-s020,ap003,20
sec6,image_explanation,Clinical considerations in occlusion,Explain clinical considerations in occlusion within shade selection and occlusion.,"[""Clinical presentation of clinical considerations in occlusion"",""Features to identify in clinical considerations in occlusion"",""Relevance of clinical considerations in occlusion to implant prosthodontics""]",clinical_image,Links shade selection and occlusion to occlusion in Prosthodontics.,"[""pp20""]",Open with the question this slide answers: what does “Clinical considerations in occlusion” mean for a Prosthodontics clinician? Walk through: Clinical presentation of clinical considerations in occlusion; Features to identify in clinical considerations in occlusion; Relevance of clinical considerations in occlusion to implant prosthodontics. Close by linking back to the clinical problem before moving on.,0.69,ap003-s021,ap003,21
sec7,section,Shade Selection and complete dentures,Section divider,"[""Principles of complete dentures"",""Clinical considerations in complete dentures""]",section_divider,Links shade selection and complete dentures to digital workflow in Prosthodontics.,[],Pause here and introduce “Shade Selection and complete dentures”. Tell the audience what this part covers and why it matters in Prosthodontics.,0.99,ap003-s022,ap003,22
sec7,image_explanation,Principles of complete dentures,Explain principles of complete dentures within shade selection and complete dentures.,"[""Clinical presentation of principles of complete dentures"",""Features to identify in principles of complete dentures"",""Relevance of principles of complete dentures to edentulous ridge""]",clinical_image,Links shade selection and complete dentures to digital workflow in Prosthodontics.,"[""pp03"",""pp04""]",Open with the question this slide answers: what does “Principles of complete dentures” mean for a Prosthodontics clinician? Walk through: Clinical presentation of principles of complete dentures; Features to identify in principles of complete dentures; Relevance of principles of complete dentures to edentulous ridge. Close by linking back to the clinical problem before moving on.,0.74,ap003-s023,ap003,23
sec7,image_explanation,Clinical considerations in complete dentures,Explain clinical considerations in complete dentures within shade selection and complete dentures.,"[""Clinical presentation of clinical considerations in complete dentures"",""Features to identify in clinical considerations in complete dentures"",""Relevance of clinical considerations in complete dentures to edentulous ridge""]",clinical_image,Links shade selection and complete dentures to digital workflow in Prosthodontics.,"[""pp03"",""pp04""]",Open with the question this slide answers: what does “Clinical considerations in complete dentures” mean for a Prosthodontics clinician? Walk through: Clinical presentation of clinical considerations in complete dentures; Features to identify in clinical considerations in complete dentures; Relevance of clinical considerations in complete dentures to edentulous ridge. Close by linking back to the clinical problem before moving on.,0.69,ap003-s024,ap003,24
sec8,section,Diagnosis and assessment,Section divider,"[""Clinical examination"",""Investigations and imaging""]",section_divider,Links diagnosis and assessment to implant prosthodontics in Prosthodontics.,[],Pause here and introduce “Diagnosis and assessment”. Tell the audience what this part covers and why it matters in Prosthodontics.,0.99,ap003-s025,ap003,25
sec8,clinical_workflow,Clinical examination,Explain clinical examination within diagnosis and assessment.,"[""Indications and patient selection for clinical examination"",""Step-by-step approach to clinical examination"",""Common pitfalls in clinical examination""]",flowchart,Links diagnosis and assessment to implant prosthodontics in Prosthodontics.,[],Open with the question this slide answers: what does “Clinical examination” mean for a Prosthodontics clinician? Walk through: Indications and patient selection for clinical examination; Step-by-step approach to clinical examination; Common pitfalls in clinical examination. Close by linking back to the clinical problem before moving on.,0.68,ap003-s026,ap003,26
sec8,clinical_workflow,Investigations and imaging,Explain investigations and imaging within diagnosis and assessment.,"[""Indications and patient selection for investigations and imaging"",""Step-by-step approach to investigations and imaging"",""Common pitfalls in investigations and imaging""]",flowchart,Links diagnosis and assessment to implant prosthodontics in Prosthodontics.,[],Open with the question this slide answers: what does “Investigations and imaging” mean for a Prosthodontics clinician? Walk through: Indications and patient selection for investigations and imaging; Step-by-step approach to investigations and imaging; Common pitfalls in investigations and imaging. Close by linking back to the clinical problem before moving on.,0.66,ap003-s027,ap003,27
sec9,section,Clinical management,Section divider,"[""Treatment planning"",""Techniques and materials"",""Complications and their management""]",section_divider,Links clinical management to biomaterials in Prosthodontics.,[],Pause here and introduce “Clinical management”. Tell the audience what this part covers and why it matters in Prosthodontics.,0.99,ap003-s028,ap003,28
sec9,clinical_workflow,Treatment planning,Explain treatment planning within clinical management.,"[""Indications and patient selection for treatment planning"",""Step-by-step approach to treatment planning"",""Common pitfalls in treatment planning""]",flowchart,Links clinical management to biomaterials in Prosthodontics.,[],Open with the question this slide answers: what does “Treatment planning” mean for a Prosthodontics clinician? Walk through: Indications and patient selection for treatment planning; Step-by-step approach to treatment planning; Common pitfalls in treatment planning. Close by linking back to the clinical problem before moving on.,0.71,ap003-s029,ap003,29
sec9,image_explanation,Techniques and materials,Explain techniques and materials within clinical management.,"[""Clinical presentation of techniques and materials"",""Features to identify in techniques and materials"",""Relevance of techniques and materials to complete dentures""]",clinical_image,Links clinical management to biomaterials in Prosthodontics.,[],Open with the question this slide answers: what does “Techniques and materials” mean for a Prosthodontics clinician? Walk through: Clinical presentation of techniques and materials; Features to identify in techniques and materials; Relevance of techniques and materials to complete dentures. Close by linking back to the clinical problem before moving on.,0.71,ap003-s030,ap003,30
sec9,clinical_workflow,Complications and their management,Explain complications and their management within clinical management.,"[""Indications and patient selection for complications and their management"",""Step-by-step approach to complications and their management"",""Common pitfalls in complications and their management""]",flowchart,Links clinical management to biomaterials in Prosthodontics.,[],Open with the question this slide answers: what does “Complications and their management” mean for a Prosthodontics clinician? Walk through: Indications and patient selection for complications and their management; Step-by-step approach to complications and their management; Common pitfalls in complications and their management. Close by linking back to the clinical problem before moving on.,0.66,ap003-s031,ap003,31
sec10,section,Recent advances and evidence,Section divider,"[""Recent advances"",""Evidence summary""]",section_divider,Links recent advances and evidence to digital workflow in Prosthodontics.,[],Pause here and introduce “Recent advances and evidence”. Tell the audience what this part covers and why it matters in Prosthodontics.,0.99,ap003-s032,ap003,32
sec10,image_explanation,Recent advances,Explain recent advances within recent advances and evidence.,"[""Clinical presentation of recent advances"",""Features to identify in recent advances"",""Relevance of recent advances to esthetics""]",clinical_image,Links recent advances and evidence to digital workflow in Prosthodontics.,[],Open with the question this slide answers: what does “Recent advances” mean for a Prosthodontics clinician? Walk through: Clinical presentation of recent advances; Features to identify in recent advances; Relevance of recent advances to esthetics. Close by linking back to the clinical problem before moving on.,0.67,ap003-s033,ap003,33
sec10,chart,Evidence summary,Explain evidence summary within recent advances and evidence.,"[""Prevalence data relevant to evidence summary"",""Trends in evidence summary over time"",""Reading evidence summary data clinically""]",bar_chart,Links recent advances and evidence to digital workflow in Prosthodontics.,[],Open with the question this slide answers: what does “Evidence summary” mean for a Prosthodontics clinician? Walk through: Prevalence data relevant to evidence summary; Trends in evidence summary over time; Reading evidence summary data clinically. Close by linking back to the clinical problem before moving on.,0.67,ap003-s034,ap003,34
sec11,section,Controversies and future directions,Section divider,"[""Current debates"",""Emerging science""]",section_divider,Links controversies and future directions to biomaterials in Prosthodontics.,[],Pause here and introduce “Controversies and future directions”. Tell the audience what this part covers and why it matters in Prosthodontics.,0.99,ap003-s035,ap003,35
sec11,timeline,Current debates,Explain current debates within controversies and future directions.,"[""Early descriptions of current debates"",""Milestones that shaped current debates"",""Where current debates stands today""]",timeline,Links controversies and future directions to biomaterials in Prosthodontics.,[],Open with the question this slide answers: what does “Current debates” mean for a Prosthodontics clinician? Walk through: Early descriptions of current debates; Milestones that shaped current debates; Where current debates stands today. Close by linking back to the clinical problem before moving on.,0.73,ap003-s036,ap003,36
sec11,timeline,Emerging science,Explain emerging science within controversies and future directions.,"[""Early descriptions of emerging science"",""Milestones that shaped emerging science"",""Where emerging science stands today""]",timeline,Links controversies and future directions to biomaterials in Prosthodontics.,[],Open with the question this slide answers: what does “Emerging science” mean for a Prosthodontics clinician? Walk through: Early descriptions of emerging science; Milestones that shaped emerging science; Where emerging science stands today. Close by linking back to the clinical problem before moving on.,0.74,ap003-s037,ap003,37
sec12,section,Conclusion and clinical takeaways,Section divider,"[""Take-home messages""]",section_divider,Links conclusion and clinical takeaways to occlusion in Prosthodontics.,[],Pause here and introduce “Conclusion and clinical takeaways”. Tell the audience what this part covers and why it matters in Prosthodontics.,0.99,ap003-s038,ap003,38
sec12,summary,Take-home messages,Explain take-home messages within conclusion and clinical takeaways.,"[""Clinical presentation of take-home messages"",""Features to identify in take-home messages"",""Relevance of take-home messages to edentulous ridge""]",key_takeaways,Links conclusion and clinical takeaways to occlusion in Prosthodontics.,[],Open with the question this slide answers: what does “Take-home messages” mean for a Prosthodontics clinician? Walk through: Clinical presentation of take-home messages; Features to identify in take-home messages; Relevance of take-home messages to edentulous ridge. Close by linking back to the clinical problem before moving on.,0.77,ap003-s039,ap003,39
,references,References,Vancouver reference list,"[""Angle EH. Classification of malocclusion. Dental Cosmos. 1899;41:248-64."",""Tonetti MS, Greenwell H, Kornman KS. Staging and grading of periodontitis: framework and proposal of a new classification and case definition. J Periodontol. 2018;89 Suppl 1:S159-72."",""Atwood DA. Reduction of residual ridges: a major oral disease entity. J Prosthet Dent. 1971;26(3):266-79."",""Tallgren A. The continuing reduction of the residual alveolar ridges in complete denture wearers: a mixed-longitudinal study covering 25 years. J Prosthet Dent. 1972;27(2):120-32.""]",reference_list,,"[""pp20"",""pp17"",""pp03"",""pp04""]",Point the audience to the key references for further reading.,0.95,ap003-s040,ap003,40
